"","police_id","n"
"1","109495",7
"2","109496",7
"3","109498",5
"4","109499",5
"5","109501",6
"6","109502",4
"7","109503",4
"8","109504",5
"9","109505",7
"10","109507",8
"11","109510",6
"12","109512",6
"13","109513",6
"14","109514",7
"15","109515",6
"16","109516",6
"17","109519",6
"18","109521",7
"19","109522",6
"20","109524",3
"21","109525",7
"22","109526",5
"23","109527",5
"24","109528",6
"25","109530",7
"26","109531",7
"27","109532",2
"28","109533",7
"29","109534",6
"30","109535",5
"31","109536",7
"32","109542",4
"33","109543",7
"34","109544",6
"35","109545",8
"36","109546",7
"37","109547",8
"38","109548",2
"39","109550",7
"40","109551",6
"41","110059",7
"42","110060",6
"43","110062",6
"44","110063",7
"45","110064",6
"46","110066",7
"47","110067",4
"48","110068",6
"49","110069",1
"50","110070",7
"51","110071",7
"52","110073",5
"53","110074",7
"54","110077",6
"55","110079",3
"56","110081",6
"57","110083",7
"58","110084",4
"59","110090",7
"60","110092",3
"61","110094",7
"62","110096",7
"63","110097",7
"64","120548",1
"65","134862",6
"66","134864",5
"67","134865",5
"68","134867",5
"69","134868",6
"70","134869",6
"71","134870",5
"72","134871",6
"73","134872",5
"74","134874",5
"75","134875",4
"76","134878",6
"77","134879",5
"78","134882",5
"79","134884",5
"80","134885",4
"81","134886",4
"82","134889",3
"83","134892",6
"84","134893",6
"85","134895",7
"86","134898",5
"87","134899",6
"88","134901",3
"89","134902",2
"90","134903",7
"91","137872",6
"92","140777",5
"93","140779",6
"94","140781",1
"95","140784",4
"96","140786",6
"97","140787",6
"98","140788",5
"99","140789",5
"100","140790",4
"101","140791",5
"102","140792",3
"103","140796",5
"104","140800",6
"105","140803",1
"106","140804",5
"107","140805",6
"108","140806",5
"109","140808",6
"110","146768",2
"111","146772",6
"112","146773",5
"113","146774",4
"114","146775",4
"115","146777",5
"116","151122",4
"117","151123",6
"118","151124",5
"119","151125",5
"120","151127",6
"121","151129",5
"122","151130",4
"123","151131",3
"124","151132",5
"125","151133",2
"126","151137",4
"127","151139",4
"128","151141",6
"129","151144",3
"130","151145",2
"131","151146",6
"132","151147",2
"133","151149",4
"134","151151",4
"135","151152",4
"136","151153",4
"137","156305",5
"138","156307",5
"139","156308",5
"140","156309",5
"141","161941",6
"142","161942",6
"143","161945",5
"144","161946",5
"145","161947",3
"146","161948",6
"147","161949",5
"148","161951",6
"149","161952",4
"150","161953",5
"151","161955",3
"152","161958",2
"153","163661",4
"154","163667",2
"155","166461",4
"156","166477",5
"157","166478",4
"158","166480",3
"159","169413",4
"160","169414",4
"161","169415",1
"162","169419",3
"163","169421",4
"164","169422",4
"165","169423",5
"166","169424",2
"167","169425",4
"168","169426",4
"169","173950",2
"170","173951",4
"171","173952",3
"172","175719",4
"173","175720",4
"174","177281",4
"175","177282",3
"176","177284",4
"177","178065",2
"178","179575",2
"179","179576",2
"180","179577",3
"181","179580",4
"182","179581",3
"183","179582",2
"184","179583",5
"185","179585",5
"186","179591",2
"187","179592",5
"188","179593",4
"189","179596",4
"190","179598",3
"191","179599",4
"192","179600",2
"193","179602",2
"194","179603",3
"195","179604",3
"196","179606",4
"197","179607",3
"198","179608",2
"199","179609",5
"200","179610",3
"201","184870",3
"202","187875",2
"203","187882",2
"204","188684",1
"205","191569",3
"206","191571",3
"207","191572",3
"208","191573",3
"209","191575",3
"210","191578",3
"211","191782",4
"212","191786",3
"213","192376",4
"214","192377",3
"215","192378",3
"216","192379",3
"217","192871",3
"218","192872",3
"219","192873",3
"220","197047",3
"221","197050",3
"222","197053",3
"223","197054",3
"224","197055",3
"225","197056",3
"226","197057",1
"227","197058",3
"228","197059",3
"229","197060",4
"230","197063",3
"231","197064",3
"232","197065",2
"233","197066",3
"234","197067",3
"235","197068",4
"236","197070",4
"237","197073",3
"238","197074",3
"239","197075",3
"240","197076",3
"241","197077",2
"242","197141",3
"243","197435",3
"244","197437",3
"245","206672",3
"246","206674",2
"247","206675",3
"248","206676",3
"249","206678",2
"250","206680",3
"251","206681",3
"252","206682",3
"253","206683",3
"254","206958",3
"255","206959",1
"256","206962",2
"257","206963",2
"258","206964",3
"259","206967",2
"260","209184",1
"261","209189",1
"262","212307",3
"263","212308",1
"264","212309",3
"265","212310",3
"266","212311",2
"267","212312",3
"268","212313",3
"269","212314",2
"270","212315",3
"271","212316",3
"272","212318",2
"273","212321",2
"274","212322",1
"275","212323",3
"276","212325",2
"277","212327",2
"278","212330",2
"279","212331",2
"280","212333",2
"281","212334",2
"282","212335",1
"283","212336",2
"284","212337",3
"285","212338",3
"286","212339",2
"287","212341",1
"288","212342",2
"289","212343",3
"290","212344",3
"291","212345",3
"292","212346",1
"293","212347",2
"294","212348",3
"295","212349",2
"296","212350",3
"297","215193",4
"298","215207",9
"299","215211",16
"300","216219",10
"301","216863",2
"302","216864",14
"303","216865",12
"304","216867",1
"305","216868",13
"306","216871",5
"307","216873",1
"308","217266",6
"309","217370",2
"310","217376",5
"311","217478",16
"312","217537",5
"313","217837",13
"314","217844",5
"315","218126",6
"316","218192",11
"317","218794",13
"318","219067",8
"319","219429",3
"320","219832",11
"321","220200",8
"322","220235",7
"323","220370",2
"324","220373",16
"325","220406",3
"326","220884",14
"327","221154",12
"328","221966",3
"329","221969",3
"330","222047",16
"331","222067",6
"332","222544",16
"333","222647",14
"334","222879",14
"335","223104",8
"336","223305",4
"337","223378",8
"338","223380",8
"339","223502",16
"340","223604",6
"341","223956",2
"342","223958",5
"343","224305",10
"344","224366",1
"345","224368",9
"346","224372",6
"347","224374",7
"348","224376",8
"349","224377",11
"350","224381",2
"351","224383",8
"352","224384",8
"353","224386",9
"354","224391",16
"355","224392",4
"356","224395",2
"357","224401",15
"358","224412",3
"359","224441",10
"360","224447",16
"361","224448",4
"362","224452",5
"363","224454",2
"364","224455",10
"365","224456",15
"366","224459",15
"367","224461",5
"368","224464",13
"369","224484",16
"370","224486",11
"371","224488",4
"372","224491",15
"373","224497",13
"374","224506",9
"375","224529",16
"376","224530",7
"377","224531",14
"378","224538",3
"379","224544",5
"380","224550",9
"381","224552",4
"382","224566",11
"383","224567",16
"384","224569",4
"385","224572",14
"386","224575",15
"387","224607",4
"388","224613",6
"389","224623",5
"390","224624",2
"391","224626",16
"392","224629",15
"393","224640",14
"394","224645",2
"395","224664",5
"396","224671",2
"397","224672",7
"398","224673",7
"399","224676",4
"400","224687",1
"401","224696",2
"402","224701",14
"403","224702",6
"404","224704",14
"405","224790",13
"406","224791",7
"407","224793",16
"408","224794",14
"409","224796",12
"410","224797",11
"411","224802",9
"412","224805",5
"413","224806",10
"414","224810",4
"415","224811",14
"416","224814",3
"417","224815",12
"418","224817",4
"419","224823",11
"420","224824",15
"421","224827",7
"422","224831",7
"423","224833",15
"424","224834",16
"425","224839",9
"426","224843",3
"427","224844",6
"428","224846",12
"429","224851",14
"430","224862",17
"431","224866",3
"432","224874",3
"433","224875",2
"434","224877",5
"435","224879",2
"436","224887",6
"437","224895",9
"438","224900",3
"439","224901",3
"440","224903",6
"441","224904",16
"442","224905",4
"443","224906",14
"444","224907",8
"445","224908",5
"446","224945",5
"447","224946",16
"448","224949",15
"449","224953",5
"450","224954",14
"451","224955",16
"452","224960",15
"453","224961",7
"454","224962",10
"455","224966",13
"456","224967",13
"457","224969",2
"458","224972",3
"459","224975",16
"460","224986",6
"461","225147",1
"462","225148",9
"463","225153",7
"464","225160",11
"465","225161",7
"466","225162",7
"467","225164",16
"468","225165",13
"469","225166",1
"470","225167",7
"471","225168",7
"472","225170",3
"473","225172",11
"474","225173",6
"475","225179",5
"476","225184",14
"477","225187",4
"478","225205",2
"479","225212",14
"480","225217",15
"481","225218",12
"482","225741",4
"483","225745",14
"484","225748",9
"485","225750",2
"486","225764",16
"487","225768",16
"488","225773",14
"489","225777",15
"490","225778",16
"491","225789",17
"492","225795",13
"493","225797",10
"494","225803",6
"495","225805",16
"496","225808",14
"497","225809",12
"498","225810",15
"499","225811",3
"500","225813",2
"501","225819",17
"502","225824",8
"503","225827",17
"504","225828",2
"505","225840",10
"506","225845",12
"507","225846",9
"508","225850",4
"509","225853",2
"510","225857",1
"511","225862",16
"512","225870",7
"513","225872",6
"514","225874",3
"515","225878",11
"516","225881",12
"517","225885",6
"518","225886",15
"519","225892",1
"520","225896",13
"521","225899",2
"522","225900",4
"523","225901",7
"524","225904",13
"525","225909",4
"526","225930",4
"527","225934",7
"528","225937",2
"529","225948",15
"530","225950",14
"531","225951",10
"532","225962",15
"533","225963",10
"534","225968",17
"535","225969",15
"536","225970",16
"537","225978",14
"538","225981",7
"539","225990",14
"540","225993",15
"541","225994",10
"542","225995",3
"543","225996",4
"544","226002",5
"545","226011",16
"546","226016",16
"547","226020",17
"548","226022",7
"549","226023",5
"550","226027",9
"551","226047",13
"552","226053",3
"553","226054",4
"554","226056",1
"555","226057",15
"556","226060",7
"557","226065",3
"558","226066",5
"559","226069",13
"560","226070",8
"561","226075",15
"562","226078",11
"563","226081",3
"564","226086",4
"565","226088",2
"566","226092",17
"567","226093",2
"568","226098",15
"569","226099",13
"570","226108",9
"571","226117",15
"572","226134",15
"573","226135",6
"574","226136",5
"575","226142",3
"576","226143",3
"577","226144",2
"578","226147",9
"579","226149",5
"580","226150",15
"581","226156",13
"582","226161",7
"583","226163",14
"584","226164",16
"585","226165",9
"586","226167",3
"587","226168",12
"588","226169",14
"589","226171",14
"590","226175",14
"591","226178",4
"592","226184",14
"593","226185",7
"594","226187",14
"595","226194",17
"596","226195",7
"597","226204",15
"598","226205",6
"599","226207",16
"600","226208",6
"601","226214",8
"602","226219",4
"603","226220",10
"604","226226",13
"605","226264",14
"606","226266",12
"607","226268",16
"608","226275",5
"609","226276",3
"610","226306",15
"611","226308",13
"612","226310",3
"613","226312",16
"614","226316",11
"615","226370",5
"616","226405",14
"617","226424",16
"618","226454",5
"619","226456",10
"620","226457",14
"621","226458",10
"622","226462",17
"623","226464",5
"624","226471",11
"625","226476",1
"626","226477",15
"627","226481",12
"628","226482",13
"629","226484",1
"630","226485",15
"631","226486",8
"632","226496",2
"633","226501",12
"634","226502",7
"635","226506",16
"636","226509",9
"637","226512",16
"638","226514",2
"639","226516",9
"640","226517",6
"641","226519",15
"642","226521",5
"643","226522",3
"644","226524",15
"645","226530",2
"646","226532",11
"647","226538",14
"648","226539",6
"649","226540",3
"650","226542",14
"651","226547",10
"652","226548",2
"653","226549",4
"654","226551",12
"655","226552",17
"656","226560",14
"657","226562",12
"658","226563",4
"659","226569",14
"660","226571",3
"661","226572",5
"662","226575",13
"663","226576",15
"664","226577",15
"665","226578",3
"666","226579",5
"667","226580",2
"668","226581",7
"669","226582",3
"670","226584",7
"671","226588",7
"672","226590",3
"673","226600",15
"674","226601",7
"675","226605",15
"676","226606",2
"677","226607",7
"678","226608",5
"679","226613",3
"680","226615",17
"681","226618",4
"682","226622",15
"683","226624",10
"684","226626",16
"685","226629",11
"686","226631",5
"687","226637",14
"688","226640",16
"689","226641",6
"690","226647",12
"691","226648",15
"692","226650",6
"693","226653",7
"694","226655",16
"695","226664",3
"696","226665",7
"697","226669",14
"698","226670",7
"699","226671",17
"700","226672",3
"701","226673",15
"702","226675",10
"703","226681",15
"704","226684",11
"705","226685",12
"706","226687",11
"707","226694",12
"708","226700",6
"709","226705",16
"710","226807",7
"711","226809",4
"712","226811",16
"713","226812",10
"714","226822",5
"715","226827",5
"716","226829",3
"717","226831",14
"718","226834",14
"719","226837",2
"720","226844",15
"721","226854",11
"722","226861",9
"723","226863",16
"724","226867",5
"725","226869",11
"726","226870",8
"727","226872",5
"728","226882",6
"729","226888",16
"730","226895",7
"731","226915",12
"732","226916",10
"733","226919",14
"734","226922",4
"735","226925",5
"736","226926",15
"737","226965",15
"738","226973",12
"739","226974",12
"740","226975",15
"741","226976",14
"742","226982",2
"743","227229",14
"744","227440",13
"745","227443",3
"746","227511",4
"747","227514",14
"748","227558",5
"749","229888",2
"750","235504",3
"751","235761",15
"752","240531",9
"753","240943",2
"754","240944",1
"755","240945",1
"756","240947",1
"757","240949",1
"758","240953",2
"759","240955",1
"760","240956",2
"761","240957",1
"762","240958",1
"763","240959",1
"764","240960",1
"765","240961",1
"766","240964",2
"767","240966",2
"768","240967",2
"769","240968",1
"770","240970",1
"771","240971",1
"772","240972",2
"773","240976",2
"774","240977",2
"775","240978",2
"776","240979",2
"777","240981",1
"778","240982",2
"779","240983",1
"780","240984",1
"781","240985",2
"782","240986",2
"783","240987",2
"784","240989",2
"785","256371",1
"786","256376",1
"787","256379",1
"788","256380",1
"789","256381",1
"790","256382",1
"791","256383",2
"792","256384",1
"793","256385",1
"794","256386",1
"795","256388",1
"796","256389",1
"797","256391",1
"798","256394",1
"799","256411",1
"800","256412",1
"801","256414",1
"802","256417",2
"803","256419",1
"804","256420",1
"805","256421",1
"806","256423",1
"807","256424",1
"808","256425",1
"809","256426",1
"810","256427",1
"811","256439",1
"812","256443",1
"813","256446",1
"814","256488",1
"815","256492",1
"816","256493",1
"817","256495",1
"818","256496",2
"819","256499",1
"820","256501",1
"821","256505",1
"822","257427",1
"823","258976",1
"824","262286",16
"825","262506",16
"826","262724",13
"827","262725",6
"828","262726",6
"829","262728",4
"830","262736",12
"831","262737",1
"832","262739",12
"833","262742",13
"834","262743",17
"835","262747",11
"836","262749",14
"837","262750",10
"838","262755",6
"839","262757",16
"840","262758",1
"841","262759",5
"842","262760",13
"843","262762",5
"844","262765",6
"845","262766",13
"846","262767",4
"847","262769",8
"848","262776",14
"849","262777",3
"850","262791",3
"851","262793",13
"852","262796",11
"853","262797",8
"854","266867",4
"855","266870",7
"856","266943",8
"857","266952",3
"858","266964",11
"859","267000",6
"860","267019",8
"861","267049",16
"862","267057",11
"863","267089",11
"864","267135",8
"865","267150",1
"866","267169",5
"867","267255",9
"868","267339",14
"869","267404",3
"870","267428",2
"871","267438",12
"872","267442",7
"873","267469",2
"874","267478",13
"875","267483",6
"876","267496",16
"877","267629",16
"878","267641",15
"879","267666",10
"880","267667",3
"881","267688",15
"882","267697",7
"883","267747",8
"884","267793",14
"885","267831",16
"886","267848",15
"887","267869",6
"888","267878",15
"889","267911",2
"890","267932",10
"891","268012",15
"892","268016",10
"893","268030",3
"894","268046",8
"895","268064",11
"896","268082",4
"897","268100",16
"898","268175",4
"899","268197",14
"900","268216",3
"901","268283",1
"902","268316",1
"903","268381",16
"904","332215",13
"905","332216",16
"906","332217",14
"907","332220",13
"908","332222",17
"909","332224",12
"910","332226",6
"911","332227",1
"912","332229",14
"913","332234",3
"914","332238",4
"915","332240",5
"916","332244",7
"917","332245",3
"918","332253",8
"919","332256",7
"920","332258",9
"921","332298",10
"922","343522",2
"923","343614",11
"924","344367",15
"925","344534",7
"926","345098",4
"927","345138",14
"928","375570",14
"929","381709",15
"930","382224",12
"931","401011",4
"932","402179",4
"933","402630",15
"934","402631",16
"935","402633",3
"936","402635",11
"937","402637",5
"938","402646",2
"939","402648",12
"940","402652",11
"941","402653",15
"942","402656",3
"943","402657",15
"944","402658",16
"945","402659",1
"946","402660",14
"947","402668",16
"948","402675",8
"949","402678",8
"950","403624",9
"951","404012",3
"952","405387",13
"953","405391",14
"954","405397",14
"955","405398",10
"956","405400",15
"957","405402",9
"958","405406",7
"959","405407",13
"960","405410",13
"961","405411",15
"962","405412",10
"963","405418",10
"964","405420",8
"965","405423",5
"966","405424",16
"967","405425",15
"968","405427",1
"969","405429",11
"970","405431",7
"971","405434",9
"972","405437",4
"973","405438",9
"974","405439",10
"975","405441",15
"976","405442",16
"977","405447",16
"978","405448",8
"979","405449",16
"980","405455",4
"981","405458",5
"982","405461",5
"983","405463",16
"984","405464",15
"985","406878",3
"986","410799",5
"987","411187",17
"988","411429",11
"989","412203",10
"990","412355",8
"991","414422",15
"992","414430",11
"993","414621",14
"994","414644",10
"995","414645",14
"996","414648",3
"997","414650",15
"998","414651",6
"999","414652",16
"1000","414657",2
"1001","414660",14
"1002","414665",9
"1003","414668",6
"1004","414670",9
"1005","414699",5
"1006","414706",16
"1007","414707",12
"1008","414711",11
"1009","414718",13
"1010","414722",10
"1011","414730",3
"1012","414731",10
"1013","414735",13
"1014","414746",12
"1015","418300",5
"1016","418761",13
"1017","419952",15
"1018","419957",9
"1019","419972",15
"1020","419973",7
"1021","419981",6
"1022","419983",3
"1023","419989",8
"1024","419994",16
"1025","419997",15
"1026","420005",7
"1027","420021",2
"1028","420034",17
"1029","420035",12
"1030","420036",12
"1031","420038",6
"1032","420041",2
"1033","420042",11
"1034","420043",13
"1035","420046",11
"1036","420051",4
"1037","420055",10
"1038","420057",5
"1039","420059",8
"1040","423024",10
"1041","429181",10
"1042","429182",11
"1043","429185",15
"1044","429187",16
"1045","429188",16
"1046","429189",7
"1047","429190",11
"1048","429191",14
"1049","429193",15
"1050","429202",5
"1051","429204",15
"1052","429205",15
"1053","429206",10
"1054","429208",7
"1055","429214",3
"1056","429215",4
"1057","429218",1
"1058","429220",15
"1059","429223",15
"1060","430440",5
"1061","431325",11
"1062","433550",6
"1063","433764",7
"1064","433989",6
"1065","433997",6
"1066","434039",3
"1067","435391",6
"1068","437465",4
"1069","439917",4
"1070","449286",10
"1071","450846",7
"1072","451313",3
"1073","452325",7
"1074","452702",12
"1075","453088",13
"1076","453871",11
"1077","459042",7
"1078","459470",3
"1079","459509",6
"1080","459522",6
"1081","461089",13
"1082","461874",15
"1083","462466",7
"1084","462470",8
"1085","462474",5
"1086","462482",13
"1087","462484",6
"1088","462485",3
"1089","462488",6
"1090","462491",11
"1091","462492",14
"1092","462493",1
"1093","462494",17
"1094","462501",1
"1095","462524",6
"1096","462525",2
"1097","462685",3
"1098","466823",4
"1099","467992",14
"1100","468030",15
"1101","468031",16
"1102","468034",7
"1103","468036",12
"1104","468037",6
"1105","468044",14
"1106","468045",12
"1107","468048",15
"1108","468049",5
"1109","468051",4
"1110","468052",15
"1111","468054",5
"1112","468055",5
"1113","468056",4
"1114","468058",4
"1115","468059",15
"1116","468061",13
"1117","468062",16
"1118","468064",17
"1119","468065",17
"1120","468066",4
"1121","468069",6
"1122","468075",3
"1123","468084",4
"1124","468086",6
"1125","468092",15
"1126","468094",16
"1127","468098",16
"1128","468101",4
"1129","468160",10
"1130","468179",14
"1131","468275",10
"1132","468285",10
"1133","468650",6
"1134","470688",17
"1135","471536",2
"1136","471909",15
"1137","472125",3
"1138","472332",6
"1139","472337",9
"1140","472339",10
"1141","472343",11
"1142","472344",10
"1143","473187",6
"1144","473190",16
"1145","473191",11
"1146","473657",10
"1147","473663",16
"1148","473664",4
"1149","473669",9
"1150","473670",15
"1151","473975",14
"1152","473976",6
"1153","474170",7
"1154","474373",7
"1155","474557",16
"1156","475122",14
"1157","475527",6
"1158","475564",9
"1159","475582",2
"1160","475583",15
"1161","475584",6
"1162","475585",12
"1163","475589",3
"1164","475590",9
"1165","475881",9
"1166","476103",16
"1167","476114",6
"1168","476328",8
"1169","476329",2
"1170","476330",15
"1171","476331",14
"1172","476332",17
"1173","480281",5
"1174","480282",11
"1175","480285",6
"1176","480286",9
"1177","480287",2
"1178","480289",14
"1179","483523",12
"1180","483524",5
"1181","483525",16
"1182","483526",9
"1183","483527",13
"1184","483528",4
"1185","483529",16
"1186","483844",2
"1187","485261",16
"1188","487509",2
"1189","493295",8
"1190","493296",17
"1191","493301",15
"1192","493302",11
"1193","493304",14
"1194","493305",17
"1195","493307",8
"1196","493309",12
"1197","493310",8
"1198","493312",7
"1199","493313",10
"1200","493314",10
"1201","493315",16
"1202","493316",10
"1203","493317",14
"1204","493318",6
"1205","498542",3
"1206","499699",8
"1207","524985",1
"1208","525538",13
"1209","527754",3
"1210","527755",14
"1211","527757",2
"1212","527865",1
"1213","529876",6
"1214","529877",17
"1215","529879",5
"1216","529882",4
"1217","529884",1
"1218","530853",9
"1219","538214",13
"1220","540482",5
"1221","544479",16
"1222","544480",1
"1223","544481",15
"1224","544482",13
"1225","545762",11
"1226","546003",16
"1227","546004",9
"1228","546005",1
"1229","546007",13
"1230","546008",14
"1231","546009",1
"1232","546011",5
"1233","546012",11
"1234","550403",6
"1235","551153",11
"1236","551154",5
"1237","551975",3
"1238","552411",4
"1239","553957",14
"1240","556885",7
"1241","556887",14
"1242","556888",16
"1243","556889",17
"1244","556891",16
"1245","562528",8
"1246","562529",16
"1247","562543",14
"1248","562544",5
"1249","562545",14
"1250","562549",7
"1251","562550",6
"1252","562932",13
"1253","565785",4
"1254","566293",12
"1255","566295",14
"1256","568074",5
"1257","568075",7
"1258","570082",6
"1259","570084",13
"1260","570085",15
"1261","571313",11
"1262","571315",14
"1263","571316",17
"1264","571318",6
"1265","571320",15
"1266","571321",9
"1267","571322",9
"1268","571324",14
"1269","571325",15
"1270","571328",10
"1271","571330",11
"1272","572248",15
"1273","572249",14
"1274","572250",6
"1275","572251",14
"1276","573550",14
"1277","576169",8
"1278","577002",9
"1279","577003",7
"1280","578769",13
"1281","580814",10
"1282","580815",4
"1283","580816",16
"1284","580818",9
"1285","580819",14
"1286","580820",9
"1287","580821",8
"1288","582657",4
"1289","584947",11
"1290","585220",5
"1291","588969",2
"1292","591933",17
"1293","591934",9
"1294","591935",6
"1295","591936",15
"1296","591937",4
"1297","592451",3
"1298","594470",6
"1299","594471",5
"1300","594473",14
"1301","595276",15
"1302","596374",10
"1303","596376",4
"1304","596377",4
"1305","596378",8
"1306","596384",14
"1307","596385",10
"1308","596386",5
"1309","596388",8
"1310","596389",13
"1311","596390",7
"1312","596392",7
"1313","596395",1
"1314","596396",7
"1315","596397",11
"1316","596398",5
"1317","596399",7
"1318","596400",4
"1319","602993",15
"1320","607047",14
"1321","607049",14
"1322","607050",14
"1323","607051",5
"1324","607052",11
"1325","608786",13
"1326","608787",8
"1327","608788",10
"1328","608790",15
"1329","608791",10
"1330","609252",2
"1331","613656",5
"1332","617350",14
"1333","617352",12
"1334","617353",13
"1335","617354",16
"1336","617356",5
"1337","619409",7
"1338","620054",6
"1339","620056",10
"1340","620057",12
"1341","620059",9
"1342","620060",8
"1343","620061",13
"1344","620062",15
"1345","620063",10
"1346","620064",2
"1347","620066",14
"1348","620067",15
"1349","620069",16
"1350","620072",14
"1351","620073",10
"1352","620074",6
"1353","620080",6
"1354","620081",9
"1355","620082",17
"1356","623456",6
"1357","625142",7
"1358","628638",10
"1359","628639",5
"1360","628640",14
"1361","630566",15
"1362","630624",13
"1363","630626",7
"1364","630627",14
"1365","630628",5
"1366","632449",5
"1367","633367",14
"1368","633368",6
"1369","633370",13
"1370","633371",8
"1371","633372",13
"1372","633373",12
"1373","633374",8
"1374","633375",4
"1375","633376",2
"1376","633378",14
"1377","633379",15
"1378","633380",13
"1379","633381",16
"1380","633383",15
"1381","633384",6
"1382","633385",15
"1383","633387",7
"1384","633388",7
"1385","633389",10
"1386","633390",15
"1387","633391",14
"1388","633392",11
"1389","633393",5
"1390","633519",13
"1391","635484",13
"1392","642287",3
"1393","643208",12
"1394","646690",4
"1395","646691",6
"1396","648796",14
"1397","648797",15
"1398","648798",4
"1399","648799",5
"1400","648800",9
"1401","651077",4
"1402","651078",16
"1403","651079",8
"1404","651081",10
"1405","653629",16
"1406","653630",15
"1407","653631",5
"1408","653633",8
"1409","653634",6
"1410","653637",5
"1411","653643",5
"1412","660929",7
"1413","661312",4
"1414","661313",1
"1415","664196",12
"1416","665894",8
"1417","665896",14
"1418","665899",9
"1419","668411",14
"1420","668412",14
"1421","668413",3
"1422","668414",13
"1423","668415",14
"1424","668418",7
"1425","668419",4
"1426","668420",2
"1427","668421",13
"1428","668422",10
"1429","672460",15
"1430","674297",8
"1431","674298",14
"1432","674301",12
"1433","676823",5
"1434","676824",9
"1435","676825",10
"1436","676827",14
"1437","676828",13
"1438","676829",15
"1439","676831",12
"1440","676832",15
"1441","676833",8
"1442","676834",13
"1443","676835",6
"1444","676836",8
"1445","676838",13
"1446","685924",13
"1447","687809",9
"1448","687811",14
"1449","687812",11
"1450","687815",5
"1451","687816",9
"1452","687819",6
"1453","687820",9
"1454","687821",5
"1455","687822",12
"1456","690942",13
"1457","690945",13
"1458","693093",15
"1459","693094",8
"1460","693095",5
"1461","693097",8
"1462","693098",15
"1463","693099",15
"1464","693102",14
"1465","693105",11
"1466","693106",12
"1467","714625",1
"1468","714626",8
"1469","714629",3
"1470","714630",1
"1471","714631",5
"1472","714632",3
"1473","714633",10
"1474","714634",9
"1475","714635",11
"1476","714636",5
"1477","714637",4
"1478","714638",5
"1479","714640",6
"1480","714641",10
"1481","714643",11
"1482","714644",8
"1483","714646",5
"1484","714647",6
"1485","714648",9
"1486","716875",11
"1487","716877",7
"1488","716879",9
"1489","716883",9
"1490","716884",7
"1491","716886",10
"1492","716887",9
"1493","716889",10
"1494","716890",5
"1495","716891",10
"1496","716893",7
"1497","716894",11
"1498","716896",9
"1499","716897",10
"1500","717341",1
"1501","717625",10
"1502","717708",10
"1503","722033",9
"1504","723077",7
"1505","723079",8
"1506","723488",10
"1507","725755",10
"1508","725756",10
"1509","725758",8
"1510","725759",10
"1511","725774",9
"1512","727198",12
"1513","727199",10
"1514","727201",2
"1515","727202",12
"1516","727203",11
"1517","727204",9
"1518","727205",7
"1519","727208",5
"1520","727209",1
"1521","727211",9
"1522","727212",8
"1523","727213",8
"1524","727215",10
"1525","728059",10
"1526","728060",9
"1527","728062",6
"1528","728065",10
"1529","728066",10
"1530","728067",3
"1531","728069",5
"1532","728070",6
"1533","728072",5
"1534","728073",5
"1535","728076",9
"1536","747556",9
"1537","747559",9
"1538","752065",10
"1539","752066",10
"1540","755025",5
"1541","755026",11
"1542","755027",10
"1543","755029",4
"1544","759682",6
"1545","759683",7
"1546","759684",6
"1547","769126",8
"1548","769379",11
"1549","769382",10
"1550","769383",11
"1551","769384",5
"1552","769387",8
"1553","769389",10
"1554","769390",1
"1555","769391",9
"1556","774758",10
"1557","799013",11
"1558","799016",9
"1559","802993",7
"1560","802994",7
"1561","807314",2
"1562","807316",8
"1563","807318",4
"1564","807319",3
"1565","807320",9
"1566","807322",9
"1567","807325",8
"1568","807326",11
"1569","807328",11
"1570","807329",10
"1571","807332",6
"1572","807333",7
"1573","807335",10
"1574","807336",9
"1575","807338",5
"1576","807340",8
"1577","807341",6
"1578","807342",8
"1579","807343",4
"1580","807344",10
"1581","807927",9
"1582","812949",8
"1583","823493",3
"1584","824607",3
"1585","824608",10
"1586","824609",6
"1587","824610",10
"1588","824611",6
"1589","828312",8
"1590","828314",11
"1591","834797",3
"1592","834798",10
"1593","834800",11
"1594","834801",1
"1595","834802",4
"1596","834803",10
"1597","834804",10
"1598","834805",4
"1599","834806",5
"1600","834807",9
"1601","834808",5
"1602","834809",2
"1603","834813",6
"1604","834816",2
"1605","834817",10
"1606","834818",7
"1607","834819",8
"1608","834820",7
"1609","834821",7
"1610","834822",1
"1611","834824",7
"1612","837575",5
"1613","839052",6
"1614","839053",7
"1615","839054",3
"1616","842254",5
"1617","850642",6
"1618","853669",2
"1619","858545",6
"1620","858695",9
"1621","861199",5
"1622","861201",8
"1623","861202",8
"1624","870647",7
"1625","870648",8
"1626","870650",1
"1627","876568",5
"1628","876569",7
"1629","876570",6
"1630","876571",7
"1631","876572",2
"1632","876573",8
"1633","876575",9
"1634","876576",9
"1635","876577",8
"1636","876578",4
"1637","876579",8
"1638","876581",7
"1639","876582",7
"1640","876583",1
"1641","876584",9
"1642","876585",2
"1643","876587",7
"1644","876588",4
"1645","876589",6
"1646","876590",9
"1647","876591",8
"1648","876592",6
"1649","876594",5
"1650","876597",8
"1651","876599",9
"1652","876600",9
"1653","876602",4
"1654","876603",4
"1655","879555",6
"1656","879558",6
"1657","882915",4
"1658","887581",5
"1659","887582",6
"1660","887583",7
"1661","887584",8
"1662","887585",3
"1663","887586",7
"1664","887588",6
"1665","887591",7
"1666","887592",7
"1667","887593",8
"1668","887594",8
"1669","887595",7
"1670","887597",7
"1671","887598",8
"1672","887600",9
"1673","887601",6
"1674","887603",7
"1675","887606",5
"1676","887607",7
"1677","887608",4
"1678","887609",7
"1679","902543",7
"1680","902544",7
"1681","902545",1
"1682","905536",7
"1683","905552",8
"1684","909473",3
"1685","909476",7
"1686","909477",2
"1687","909479",3
"1688","909480",9
"1689","909481",6
"1690","909483",5
"1691","909484",1
"1692","909485",6
"1693","909486",5
"1694","909488",6
"1695","909489",7
"1696","909491",8
"1697","909494",7
"1698","909497",6
"1699","909500",4
"1700","909501",8
"1701","909502",8
"1702","921609",6
